Round,Date,Home Team,Score1,Score2,Away Team,Venue,Year
1,Saturday 5 April,Central Pulse,33,50,Melbourne Vixens,"TSB Bank Arena, Wellington",2008
1,Sunday 6 April,Queensland Firebirds,48,46,West Coast Fever,Brisbane Convention & Exhibition Centre,2008
1,Sunday 6 April,Northern Mystics,44,48,Canterbury Tactix,"Trusts Stadium, Auckland",2008
1,Monday 7 April,Waikato Bay of Plenty Magic,46,42,Adelaide Thunderbirds,"Energy Events Centre, Rotorua",2008
1,Monday 7 April,New South Wales Swifts,53,42,Southern Steel,"Acer Arena, Sydney",2008
2,Saturday 12 April,Canterbury Tactix,50,44,New South Wales Swifts,"Westpac Centre, Christchurch",2008
2,Sunday 13 April,Melbourne Vixens,62,52,Queensland Firebirds,"State Netball and Hockey Centre,Melbourne",2008
2,Sunday 13 April,Waikato Bay of Plenty Magic,56,52,Northern Mystics,"Energy Events Centre, Rotorua",2008
2,Monday 14 April,Central Pulse,50,52,Southern Steel,"TSB Bank Arena, Wellington",2008
2,Monday 14 April,West Coast Fever,41,54,Adelaide Thunderbirds,"Challenge Stadium, Perth",2008
3,Saturday 19 April,Northern Mystics,45,49,West Coast Fever,"Trusts Stadium, Auckland",2008
3,Saturday 19 April,New South Wales Swifts,50,47,Waikato Bay of Plenty Magic,Newcastle Entertainment Centre,2008
3,Sunday 20 April,Melbourne Vixens,38,39,Adelaide Thunderbirds,"Vodafone Arena, Melbourne",2008
3,Monday 21 April,Canterbury Tactix,42,51,Southern Steel,"Westpac Arena, Christchurch",2008
3,Monday 21 April,Queensland Firebirds,56,28,Central Pulse,Brisbane Convention & Exhibition Centre,2008
4,Saturday 26 April,Waikato Bay of Plenty Magic,61,47,West Coast Fever,"Mystery Creek Events Centre,Hamilton",2008
4,Saturday 26 April,Queensland Firebirds,46,40,Northern Mystics,Brisbane Convention & Exhibition Centre,2008
4,Sunday 27 April,Adelaide Thunderbirds,54,41,Southern Steel,"ETSA Park, Adelaide",2008
4,Monday 28 April,Canterbury Tactix,50,58,Melbourne Vixens,"Westpac Arena, Christchurch",2008
4,Monday 28 April,New South Wales Swifts,59,30,Central Pulse,Sydney Olympic Park Sports Centre,2008
5,Saturday 3 May,Waikato Bay of Plenty Magic,54,37,Central Pulse,"Mystery Creek Events Centre,Hamilton",2008
5,Saturday 3 May,West Coast Fever,46,65,Queensland Firebirds,"Challenge Stadium, Perth",2008
5,Monday 5 May,Southern Steel,48,50,Northern Mystics,"Stadium Southland, Invercargill",2008
5,Monday 5 May,New South Wales Swifts,52,53,Melbourne Vixens,Newcastle Entertainment Centre,2008
5,BYES: Adelaide Thunderbirds and Canterbury Tactix,,,,,,2008
6,Saturday 10 May,Southern Steel,48,51,Canterbury Tactix,"Stadium Southland, Invercargill",2008
6,Saturday 10 May,Queensland Firebirds,66,52,New South Wales Swifts,Brisbane Convention & Exhibition Centre,2008
6,Monday 12 May,Northern Mystics,45,59,Waikato Bay of Plenty Magic,"Trusts Stadium, Auckland",2008
6,Monday 12 May,Adelaide Thunderbirds,66,50,West Coast Fever,"ETSA Park, Adelaide",2008
6,BYES: Melbourne Vixens and Central Pulse,,,,,,2008
7,Saturday 17 May,Central Pulse,50,55,Canterbury Tactix,"Arena Manawatu, Palmerston North",2008
7,Sunday 18 May,Adelaide Thunderbirds,46,52,Melbourne Vixens,"ETSA Park, Adelaide",2008
7,Monday 19 May,Waikato Bay of Plenty Magic,56,47,Southern Steel,"Mystery Creek Events Centre,Hamilton",2008
7,Monday 19 May,New South Wales Swifts,66,54,West Coast Fever,Sydney Olympic Park Sports Centre,2008
7,BYES: Queensland Firebirds and Northern Mystics,,,,,,2008
8,Saturday 24 May,Canterbury Tactix,50,54,Waikato Bay of Plenty Magic,"Westpac Arena, Christchurch",2008
8,Sunday 25 May,Queensland Firebirds,60,51,Melbourne Vixens,Brisbane Convention & Exhibition Centre,2008
8,Monday 26 May,Central Pulse,48,54,Northern Mystics,"TSB Bank Arena, Wellington",2008
8,Monday 26 May,Adelaide Thunderbirds,44,50,New South Wales Swifts,"ETSA Park, Adelaide",2008
8,BYES: West Coast Fever and Southern Steel,,,,,,2008
9,Saturday 31 May,Southern Steel,41,29,Central Pulse,"Stadium Southland, Invercargill",2008
9,Sunday 1 June,Melbourne Vixens,57,44,West Coast Fever,"State Netball and Hockey Centre,Melbourne",2008
9,Monday 2 June,Northern Mystics,50,46,Canterbury Tactix,"Trusts Stadium, Auckland",2008
9,Monday 2 June,Queensland Firebirds,41,47,Adelaide Thunderbirds,Brisbane Convention & Exhibition Centre,2008
9,BYES: New South Wales Swifts and Waikato Bay of Plenty Magic,,,,,,2008
10,Saturday 7 June,Southern Steel,47,46,Melbourne Vixens,"Stadium Southland, Invercargill",2008
10,Sunday 8 June,Adelaide Thunderbirds,61,41,Canterbury Tactix,"ETSA Park, Adelaide",2008
10,Sunday 8 June,Waikato Bay of Plenty Magic,56,50,Queensland Firebirds,"Energy Events Centre, Rotorua",2008
10,Monday 9 June,Northern Mystics,62,64,New South Wales Swifts,"Trusts Stadium, Auckland",2008
10,Monday 9 June,West Coast Fever,33,16,Central Pulse,"Challenge Stadium, Perth",2008
11,Saturday 14 June,Northern Mystics,47,48,Adelaide Thunderbirds,"Trusts Stadium, Auckland",2008
11,Sunday 15 June,New South Wales Swifts,61,60,Queensland Firebirds,Sydney Olympic Park Sports Centre,2008
11,Sunday 15 June,Canterbury Tactix,50,49,Central Pulse,"Westpac Centre, Christchurch",2008
11,Monday 16 June,Southern Steel,58,43,West Coast Fever,"Edgar Centre, Dunedin",2008
11,Monday 16 June,Melbourne Vixens,47,40,Waikato Bay of Plenty Magic,"State Netball and Hockey Centre,Melbourne",2008
12,Saturday 21 June,Central Pulse,41,46,Waikato Bay of Plenty Magic,"TSB Bank Arena, Wellington",2008
12,Saturday 21 June,West Coast Fever,48,54,Melbourne Vixens,"Challenge Stadium, Perth",2008
12,Sunday 22 June,Queensland Firebirds,50,36,Canterbury Tactix,Brisbane Convention & Exhibition Centre,2008
12,Monday 23 June,Northern Mystics,47,41,Southern Steel,"North Shore Events Centre, Auckland",2008
12,Monday 23 June,New South Wales Swifts,51,41,Adelaide Thunderbirds,Sydney Olympic Park Sports Centre,2008
13,Saturday 28 June,Northern Mystics,42,28,Central Pulse,"North Shore Events Centre, Auckland",2008
13,Saturday 28 June,Adelaide Thunderbirds,66,47,Queensland Firebirds,"ETSA Park, Adelaide",2008
13,Sunday 29 June,West Coast Fever,50,44,Canterbury Tactix,"Challenge Stadium, Perth",2008
13,Monday 30 June,Southern Steel,47,43,Waikato Bay of Plenty Magic,"Stadium Southland, Invercargill",2008
13,Monday 30 June,Melbourne Vixens,49,62,New South Wales Swifts,"Vodafone Arena, Melbourne",2008
14,Saturday 5 July,Waikato Bay of Plenty Magic,69,44,Canterbury Tactix,"Mystery Creek Events Centre,Hamilton",2008
14,Sunday 6 July,Melbourne Vixens,56,47,Northern Mystics,"Vodafone Arena, Melbourne",2008
14,Sunday 6 July,Southern Steel,54,52,Queensland Firebirds,"Edgar Centre, Dunedin",2008
14,Monday 7 July,Central Pulse,32,44,Adelaide Thunderbirds,"Pettigrew Green Arena, Napier",2008
14,Monday 7 July,West Coast Fever,54,63,New South Wales Swifts,"Challenge Stadium, Perth",2008
15,Sunday 13 July,Waikato Bay of Plenty Magic,56,57,New South Wales Swifts,"Mystery Creek Events Centre,Hamilton",2008
15,Monday 14 July,Adelaide Thunderbirds,53,48,Melbourne Vixens,"ETSA Park, Adelaide",2008
16,Monday 21 July,Waikato Bay of Plenty Magic,51,49,Adelaide Thunderbirds,"Mystery Creek Events Centre,Hamilton",2008
17,Monday 28 July,New South Wales Swifts,65,56,Waikato Bay of Plenty Magic,"Acer Arena, Sydney",2008
1,Saturday 4 April,Southern Steel,55,46,Central Pulse,"Stadium Southland, Invercargill",2009
1,Saturday 4 April,Melbourne Vixens,57,44,West Coast Fever,"State Netball and Hockey Centre, Melbourne",2009
1,Sunday 5 April,Queensland Firebirds,48,60,Adelaide Thunderbirds,Brisbane Convention and Exhibition Centre,2009
1,Monday 6 April,Northern Mystics,38,51,Waikato Bay of Plenty Magic,"Trusts Stadium, Auckland",2009
1,Monday 6 April,New South Wales Swifts,62,45,Canterbury Tactix,Sydney Olympic Park Sports Centre,2009
2,Saturday 11 April,Waikato Bay of Plenty Magic,54,47,Southern Steel,"Queen Elizabeth Youth Centre, Tauranga",2009
2,Sunday 12 April,Adelaide Thunderbirds,48,47,New South Wales Swifts,"ETSA Park, Adelaide",2009
2,Sunday 12 April,Northern Mystics,54,50,Central Pulse,"North Shore Events Centre, Auckland",2009
2,Monday 13 April,Canterbury Tactix,52,44,West Coast Fever,"Westpac Arena, Christchurch",2009
2,Monday 13 April,Queensland Firebirds,51,54,Melbourne Vixens,Brisbane Convention and Exhibition Centre,2009
3,Saturday 18 April,Central Pulse,46,58,Queensland Firebirds,"TSB Bank Arena, Wellington",2009
3,Sunday 19 April,Adelaide Thunderbirds,43,49,Melbourne Vixens,"ETSA Park, Adelaide",2009
3,Sunday 19 April,Southern Steel,52,48,Canterbury Tactix,"The Edgar Centre, Dunedin",2009
3,Monday 20 April,Waikato Bay of Plenty Magic,63,45,New South Wales Swifts,"Mystery Creek Events Centre, Hamilton",2009
3,Monday 20 April,West Coast Fever,57,46,Northern Mystics,"Challenge Stadium, Perth",2009
4,Saturday 25 April,Central Pulse,54,60,West Coast Fever,"Arena Manawatu, Palmerston North",2009
4,Saturday 25 April,Melbourne Vixens,48,31,Southern Steel,"State Netball and Hockey Centre, Melbourne",2009
4,Sunday 26 April,Queensland Firebirds,53,42,Waikato Bay of Plenty Magic,Brisbane Convention and Exhibition Centre,2009
4,Monday 27 April,Canterbury Tactix,48,53,Adelaide Thunderbirds,"Westpac Arena, Christchurch",2009
4,Monday 27 April,New South Wales Swifts,59,55,Northern Mystics,Sydney Olympic Park Sports Centre,2009
5,Saturday 2 May,Canterbury Tactix,48,50,Waikato Bay of Plenty Magic,"Westpac Arena, Christchurch",2009
5,Sunday 3 May,Melbourne Vixens,50,42,Adelaide Thunderbirds,"Hisense Arena, Melbourne",2009
5,Monday 4 May,Central Pulse,60,61,Northern Mystics,"TSB Bank Arena, Wellington",2009
5,Monday 4 May,West Coast Fever,67,66,New South Wales Swifts,"Challenge Stadium, Perth",2009
5,BYES: Queensland Firebirds and Southern Steel,,,,,,2009
6,Saturday 9 May,Waikato Bay of Plenty Magic,59,36,Central Pulse,"Mystery Creek Events Centre, Hamilton",2009
6,Sunday 10 May,New South Wales Swifts,40,51,Adelaide Thunderbirds,Sydney Olympic Park Sports Centre,2009
6,Monday 11 May,Northern Mystics,52,61,Southern Steel,"Trusts Stadium, Auckland",2009
6,Monday 11 May,Queensland Firebirds,56,53,West Coast Fever,Brisbane Convention and Exhibition Centre,2009
6,BYES: Canterbury Tactix and Melbourne Vixens,,,,,,2009
7,Saturday 16 May,Canterbury Tactix,47,48,Southern Steel,"Westpac Arena, Christchurch",2009
7,Sunday 17 May,West Coast Fever,49,74,Melbourne Vixens,"Challenge Stadium, Perth",2009
7,Monday 18 May,Waikato Bay of Plenty Magic,50,35,Northern Mystics,"Energy Events Centre, Rotorua",2009
7,Monday 18 May,New South Wales Swifts,54,58,Queensland Firebirds,Sydney Olympic Park Sports Centre,2009
7,BYES: Adelaide Thunderbirds and Central Pulse,,,,,,2009
8,Saturday 23 May,Canterbury Tactix,49,46,Central Pulse,"Westpac Arena, Christchurch",2009
8,Sunday 24 May,Adelaide Thunderbirds,51,50,Queensland Firebirds,"ETSA Park, Adelaide",2009
8,Monday 25 May,Southern Steel,39,48,Waikato Bay of Plenty Magic,"Stadium Southland, Invercargill",2009
8,Monday 25 May,Melbourne Vixens,65,63,New South Wales Swifts,"Hisense Arena, Melbourne",2009
8,BYES: Northern Mystics and West Coast Fever,,,,,,2009
9,Saturday 30 May,Central Pulse,44,66,Southern Steel,"TSB Bank Arena, Wellington",2009
9,Sunday 31 May,Melbourne Vixens,57,53,Queensland Firebirds,"Hisense Arena, Melbourne",2009
9,Monday 1 June,Northern Mystics,47,46,Canterbury Tactix,"Trusts Stadium, Auckland",2009
9,Monday 1 June,West Coast Fever,41,61,Adelaide Thunderbirds,"Challenge Stadium, Perth",2009
9,BYES: New South Wales Swifts and Waikato Bay of Plenty Magic,,,,,,2009
10,Saturday 6 June,Central Pulse,45,59,Canterbury Tactix,"Te Rauparaha Arena, Porirua",2009
10,Saturday 6 June,Adelaide Thunderbirds,58,34,Northern Mystics,"Adelaide Arena, Adelaide",2009
10,Sunday 7 June,Queensland Firebirds,62,61,New South Wales Swifts,Brisbane Convention and Exhibition Centre,2009
10,Monday 8 June,Waikato Bay of Plenty Magic,55,48,Melbourne Vixens,"Queen Elizabeth Youth Centre, Tauranga",2009
10,Monday 8 June,West Coast Fever,59,48,Southern Steel,"Challenge Stadium, Perth",2009
11,Saturday 13 June,Canterbury Tactix,53,46,Queensland Firebirds,"Westpac Arena, Christchurch",2009
11,Sunday 14 June,Adelaide Thunderbirds,58,39,West Coast Fever,"ETSA Park, Adelaide",2009
11,Sunday 14 June,Central Pulse,35,67,Waikato Bay of Plenty Magic,"TSB Bank Arena, Wellington",2009
11,Monday 15 June,Southern Steel,52,50,Northern Mystics,"Stadium Southland, Invercargill",2009
11,Monday 15 June,New South Wales Swifts,52,63,Melbourne Vixens,Sydney Olympic Park Sports Centre,2009
12,Saturday 20 June,Northern Mystics,57,61,Melbourne Vixens,"Trusts Stadium, Auckland",2009
12,Saturday 20 June,Adelaide Thunderbirds,70,40,Central Pulse,"ETSA Park, Adelaide",2009
12,Sunday 21 June,New South Wales Swifts,60,63,West Coast Fever,Sydney Olympic Park Sports Centre,2009
12,Monday 22 June,Waikato Bay of Plenty Magic,50,46,Canterbury Tactix,"Energy Events Centre, Rotorua",2009
12,Monday 22 June,Queensland Firebirds,52,50,Southern Steel,Brisbane Convention and Exhibition Centre,2009
13,Saturday 27 June,Northern Mystics,57,59,Queensland Firebirds,"Trusts Stadium, Auckland",2009
13,Sunday 28 June,West Coast Fever,38,49,Waikato Bay of Plenty Magic,"Challenge Stadium, Perth",2009
13,Sunday 28 June,Central Pulse,53,52,New South Wales Swifts,"Te Rauparaha Arena, Porirua",2009
13,Monday 29 June,Southern Steel,58,49,Adelaide Thunderbirds,"The Edgar Centre, Dunedin",2009
13,Monday 29 June,Melbourne Vixens,63,35,Canterbury Tactix,"Hisense Arena, Melbourne",2009
14,Saturday 4 July,Southern Steel,55,48,New South Wales Swifts,"Stadium Southland, Invercargill",2009
14,Saturday 4 July,Melbourne Vixens,80,39,Central Pulse,"Hisense Arena, Melbourne",2009
14,Sunday 5 July,Adelaide Thunderbirds,54,35,Waikato Bay of Plenty Magic,"Adelaide Arena, Adelaide",2009
14,Monday 6 July,Canterbury Tactix,63,56,Northern Mystics,"Westpac Arena, Christchurch",2009
14,Monday 6 July,West Coast Fever,52,54,Queensland Firebirds,"Challenge Stadium, Perth",2009
15,Sunday 12 July,Melbourne Vixens,58,43,Waikato Bay of Plenty Magic,"Hisense Arena, Melbourne",2009
15,Monday 13 July,Adelaide Thunderbirds,51,45,Southern Steel,"ETSA Park, Adelaide",2009
16,Sunday 19 July,Waikato Bay of Plenty Magic,37,51,Adelaide Thunderbirds,"Mystery Creek Events Centre, Hamilton",2009
17,Sunday 26 July,Melbourne Vixens,54,46,Adelaide Thunderbirds,"Hisense Arena, Melbourne",2009
1,Saturday 20 March,Northern Mystics,55,52,Adelaide Thunderbirds,"Trusts Stadium, Auckland",2010
1,Sunday 21 March,Queensland Firebirds,47,50,New South Wales Swifts,Gold Coast Convention and Exhibition Centre,2010
1,Sunday 21 March,Southern Steel,46,44,West Coast Fever,"Stadium Southland, Invercargill",2010
1,Monday 22 March,Canterbury Tactix,54,48,Central Pulse,"Westpac Arena, Christchurch",2010
1,Monday 22 March,Melbourne Vixens,48,40,Waikato Bay of Plenty Magic,"Hisense Arena, Melbourne",2010
2,Saturday 27 March,Central Pulse,50,61,Northern Mystics,"Te Rauparaha Arena, Porirua",2010
2,Saturday 27 March,Adelaide Thunderbirds,38,45,New South Wales Swifts,"ETSA Park, Adelaide",2010
2,Sunday 28 March,Melbourne Vixens,53,46,Queensland Firebirds,"Hisense Arena, Melbourne",2010
2,Monday 29 March,Waikato Bay of Plenty Magic,47,41,Southern Steel,"Energy Events Centre, Rotorua",2010
2,Monday 29 March,West Coast Fever,62,44,Canterbury Tactix,"Challenge Stadium, Perth",2010
3,Saturday 3 April,Northern Mystics,46,55,Waikato Bay of Plenty Magic,"Trusts Stadium, Auckland",2010
3,Sunday 4 April,Queensland Firebirds,40,41,Adelaide Thunderbirds,Brisbane Convention and Exhibition Centre,2010
3,Sunday 4 April,Canterbury Tactix,53,56,New South Wales Swifts,"Westpac Arena, Christchurch",2010
3,Monday 5 April,Southern Steel,56,44,Central Pulse,"Edgar Centre, Dunedin",2010
3,Monday 5 April,West Coast Fever,50,64,Melbourne Vixens,"Challenge Stadium, Perth",2010
4,Saturday 10 April,Waikato Bay of Plenty Magic,55,50,West Coast Fever,"Mystery Creek Events Centre, Hamilton",2010
4,Saturday 10 April,New South Wales Swifts,50,36,Central Pulse,"State Sports Centre, Sydney",2010
4,Sunday 11 April,Adelaide Thunderbirds,53,36,Southern Steel,"ETSA Park, Adelaide",2010
4,Monday 12 April,Canterbury Tactix,49,64,Melbourne Vixens,"Westpac Arena, Christchurch",2010
4,Monday 12 April,Queensland Firebirds,71,54,Northern Mystics,Brisbane Convention and Exhibition Centre,2010
5,Saturday 17 April,Central Pulse,40,75,Adelaide Thunderbirds,"TSB Bank Arena, Wellington",2010
5,Sunday 18 April,New South Wales Swifts,55,43,West Coast Fever,Newcastle Entertainment Centre,2010
5,Sunday 18 April,Canterbury Tactix,36,53,Waikato Bay of Plenty Magic,"Westpac Arena, Christchurch",2010
5,Monday 19 April,Southern Steel,41,56,Queensland Firebirds,"Stadium Southland, Invercargill",2010
5,Monday 19 April,Melbourne Vixens,62,51,Northern Mystics,"Hisense Arena, Melbourne",2010
6,Saturday 24 April,Northern Mystics,59,50,Canterbury Tactix,"Trusts Stadium, Auckland",2010
6,Sunday 25 April,Queensland Firebirds,62,41,Melbourne Vixens,Brisbane Convention and Exhibition Centre,2010
6,Monday 26 April,Central Pulse,40,64,Southern Steel,"TSB Bank Arena, Wellington",2010
6,Monday 26 April,West Coast Fever,37,57,Adelaide Thunderbirds,"Challenge Stadium, Perth",2010
6,BYES,,,,,,2010
7,Saturday 1 May,Canterbury Tactix,38,66,Southern Steel,"Westpac Arena, Christchurch",2010
7,Sunday 2 May,New South Wales Swifts,56,42,Melbourne Vixens,"Acer Arena, Sydney",2010
7,Monday 3 May,Waikato Bay of Plenty Magic,49,46,Northern Mystics,"Mystery Creek Events Centre, Hamilton",2010
7,Monday 3 May,Queensland Firebirds,63,57,West Coast Fever,Brisbane Convention and Exhibition Centre,2010
7,BYES,,,,,,2010
8,Saturday 8 May,Waikato Bay of Plenty Magic,56,44,Central Pulse,"Energy Events Centre, Rotorua",2010
8,Sunday 9 May,New South Wales Swifts,60,44,Adelaide Thunderbirds,"State Sports Centre, Sydney",2010
8,Monday 10 May,Southern Steel,49,52,Northern Mystics,"Stadium Southland, Invercargill",2010
8,Monday 10 May,Melbourne Vixens,53,56,West Coast Fever,"Hisense Arena, Melbourne",2010
8,BYES,,,,,,2010
9,Saturday 15 May,Waikato Bay of Plenty Magic,72,52,Canterbury Tactix,"Mystery Creek Events Centre, Hamilton",2010
9,Sunday 16 May,Adelaide Thunderbirds,58,47,Melbourne Vixens,"ETSA Park, Adelaide",2010
9,Monday 17 May,Northern Mystics,61,60,Central Pulse,"Trusts Stadium, Auckland",2010
9,Monday 17 May,New South Wales Swifts,44,40,Queensland Firebirds,"State Sports Centre, Sydney",2010
9,BYES,,,,,,2010
10,Saturday 22 May,Central Pulse,45,43,Canterbury Tactix,"TSB Bank Arena, Wellington",2010
10,Sunday 23 May,Adelaide Thunderbirds,53,51,Queensland Firebirds,"ETSA Park, Adelaide",2010
10,Monday 24 May,Southern Steel,52,47,Waikato Bay of Plenty Magic,"Stadium Southland, Invercargill",2010
10,Monday 24 May,West Coast Fever,52,61,New South Wales Swifts,"Challenge Stadium, Perth",2010
10,BYES,,,,,,2010
11,Saturday 29 May,Northern Mystics,48,54,New South Wales Swifts,"Trusts Stadium, Auckland",2010
11,Sunday 30 May,Adelaide Thunderbirds,58,34,Canterbury Tactix,"ETSA Park, Adelaide",2010
11,Sunday 30 May,Southern Steel,52,39,Melbourne Vixens,"Edgar Centre, Dunedin",2010
11,Monday 31 May,Waikato Bay of Plenty Magic,54,55,Queensland Firebirds,"Energy Events Centre, Rotorua",2010
11,Monday 31 May,West Coast Fever,63,45,Central Pulse,"Challenge Stadium, Perth",2010
12,Saturday 5 June,Northern Mystics,62,53,West Coast Fever,"North Shore Events Centre, Auckland",2010
12,Saturday 5 June,Queensland Firebirds,52,42,Central Pulse,Brisbane Convention and Exhibition Centre,2010
12,Sunday 6 June,Melbourne Vixens,43,54,Adelaide Thunderbirds,"Hisense Arena, Melbourne",2010
12,Monday 7 June,Southern Steel,53,39,Canterbury Tactix,"Stadium Southland, Invercargill",2010
12,Monday 7 June,New South Wales Swifts,60,43,Waikato Bay of Plenty Magic,"State Sports Centre, Sydney",2010
13,Saturday 12 June,Central Pulse,52,58,Waikato Bay of Plenty Magic,"Pettigrew Green Arena, Napier",2010
13,Saturday 12 June,Melbourne Vixens,46,58,New South Wales Swifts,"Hisense Arena, Melbourne",2010
13,Sunday 13 June,Adelaide Thunderbirds,54,45,West Coast Fever,"Adelaide Arena, Adelaide",2010
13,Monday 14 June,Northern Mystics,43,50,Southern Steel,"Trusts Stadium, Auckland",2010
13,Monday 14 June,Queensland Firebirds,75,32,Canterbury Tactix,Brisbane Convention and Exhibition Centre,2010
14,Saturday 19 June,Waikato Bay of Plenty Magic,53,44,Adelaide Thunderbirds,"Energy Events Centre, Rotorua",2010
14,Sunday 20 June,West Coast Fever,67,59,Queensland Firebirds,"Challenge Stadium, Perth",2010
14,Sunday 20 June,Canterbury Tactix,47,58,Northern Mystics,"Westpac Arena, Christchurch",2010
14,Monday 21 June,Central Pulse,48,49,Melbourne Vixens,"Te Rauparaha Arena, Porirua",2010
14,Monday 21 June,New South Wales Swifts,55,38,Southern Steel,"State Sports Centre, Sydney",2010
15,Sunday 27 June,New South Wales Swifts,38,52,Adelaide Thunderbirds,"Acer Arena, Sydney",2010
15,Monday 28 June,Waikato Bay of Plenty Magic,50,42,Southern Steel,"Vector Arena, Auckland ",2010
16,Sunday 4 July,New South Wales Swifts,49,54,Waikato Bay of Plenty Magic,Newcastle Entertainment Centre,2010
17,Sunday 11 July,Adelaide Thunderbirds,52,42,Waikato Bay of Plenty Magic,Adelaide Entertainment Centre,2010
1,Sunday 13 February,New South Wales Swifts,60,40,Adelaide Thunderbirds,"State Sports Centre, Sydney",2011
1,Monday 14 February,Northern Mystics,51,34,Southern Steel,"Trusts Stadium, Auckland",2011
2,Saturday 19 February,Central Pulse,44,54,Northern Mystics,"Te Rauparaha Arena, Porirua",2011
2,Sunday 20 February,Adelaide Thunderbirds,47,65,Melbourne Vixens,"ETSA Park, Adelaide",2011
2,Sunday 20 February,Waikato Bay of Plenty Magic,51,36,Southern Steel,"Energy Events Centre, Rotorua",2011
2,Monday 21 February,Canterbury Tactix,48,54,West Coast Fever,"CBS Canterbury Arena, Christchurch",2011
2,Monday 21 February,Queensland Firebirds,51,48,New South Wales Swifts,Brisbane Convention and Exhibition Centre,2011
3,Thursday 24 February,Northern Mystics,39,45,Waikato Bay of Plenty Magic,"Trusts Stadium, Auckland",2011
3,Thursday 24 February,West Coast Fever,53,72,Adelaide Thunderbirds,"Challenge Stadium, Perth",2011
3,Saturday 26 February,Central Pulse,43,45,Southern Steel,"Te Rauparaha Arena, Porirua",2011
3,Saturday 26 February,Queensland Firebirds,64,41,Adelaide Thunderbirds,Brisbane Convention and Exhibition Centre,2011
3,Sunday 27 February,New South Wales Swifts,45,49,Melbourne Vixens,"State Sports Centre, Sydney",2011
3,Thursday 7 April,Canterbury Tactix,45,58,Northern Mystics,"Vector Arena, Auckland",2011
3,Monday 28 February,Central Pulse,44,46,Waikato Bay of Plenty Magic,"TSB Bank Arena, Wellington",2011
3,Monday 28 February,West Coast Fever,38,62,Queensland Firebirds,"Challenge Stadium, Perth",2011
4,Saturday 5 March,Adelaide Thunderbirds,51,41,Central Pulse,"ETSA Park, Adelaide",2011
4,Sunday 6 March,Queensland Firebirds,51,36,Southern Steel,Brisbane Convention and Exhibition Centre,2011
4,Sunday 6 March,Northern Mystics,56,54,Melbourne Vixens,"Trusts Stadium, Auckland",2011
4,Monday 7 March,Canterbury Tactix,56,63,Waikato Bay of Plenty Magic,"Energy Events Centre, Rotorua*",2011
4,Monday 7 March,New South Wales Swifts,55,51,West Coast Fever,"State Sports Centre, Sydney",2011
5,Sunday 13 March,Adelaide Thunderbirds,42,64,Queensland Firebirds,"ETSA Park, Adelaide",2011
5,Sunday 13 March,Waikato Bay of Plenty Magic,46,47,Northern Mystics,"Mystery Creek Events Centre, Hamilton",2011
5,Monday 14 March,Southern Steel,50,44,Central Pulse,Invercargill ILT Velodrome,2011
5,Monday 14 March,New South Wales Swifts,54,45,Canterbury Tactix,"State Sports Centre, Sydney",2011
6,Thursday 17 March,West Coast Fever,49,70,New South Wales Swifts,"Challenge Stadium, Perth",2011
6,Saturday 19 March,West Coast Fever,50,47,Southern Steel,"Challenge Stadium, Perth",2011
6,Sunday 20 March,New South Wales Swifts,53,57,Queensland Firebirds,"State Sports Centre, Sydney",2011
6,Sunday 20 March,Central Pulse,46,43,Canterbury Tactix,"Arena Manawatu, Palmerston North",2011
6,Monday 21 March,Waikato Bay of Plenty Magic,53,41,Melbourne Vixens,"Mystery Creek Events Centre, Hamilton",2011
6,Monday 21 March,Adelaide Thunderbirds,57,55,Northern Mystics,"ETSA Park, Adelaide",2011
7,Saturday 26 March,Northern Mystics,52,61,Queensland Firebirds,"Trusts Stadium, Auckland",2011
7,Sunday 27 March,Melbourne Vixens,65,50,Canterbury Tactix,"Hisense Arena, Melbourne",2011
7,Sunday 27 March,Central Pulse,43,48,New South Wales Swifts,"TSB Bank Arena, Wellington",2011
7,Monday 28 March,Southern Steel,52,48,Adelaide Thunderbirds,Invercargill ILT Velodrome,2011
7,Monday 28 March,West Coast Fever,41,42,Waikato Bay of Plenty Magic,"Challenge Stadium, Perth",2011
8,Thursday 31 March,Canterbury Tactix,49,44,Southern Steel,"CBS Canterbury Arena, Christchurch",2011
8,Thursday 31 March,Melbourne Vixens,42,52,Queensland Firebirds,"State Netball and Hockey Centre,Melbourne",2011
8,Saturday 2 April,Northern Mystics,61,48,Central Pulse,"Trusts Stadium, Auckland",2011
8,Sunday 3 April,Melbourne Vixens,42,33,Southern Steel,"Hisense Arena, Melbourne",2011
8,Sunday 3 April,Canterbury Tactix,56,59,Adelaide Thunderbirds,"CBS Canterbury Arena, Christchurch",2011
8,Monday 4 April,Central Pulse,63,61,West Coast Fever,"Te Rauparaha Arena, Porirua",2011
8,Monday 4 April,Queensland Firebirds,53,49,Waikato Bay of Plenty Magic,Brisbane Convention and Exhibition Centre,2011
9,Saturday 9 April,Southern Steel,49,40,Canterbury Tactix,"Edgar Centre, Dunedin",2011
9,Sunday 10 April,Melbourne Vixens,55,53,Adelaide Thunderbirds,"Hisense Arena, Melbourne",2011
9,Sunday 10 April,Central Pulse,44,61,Queensland Firebirds,"Te Rauparaha Arena, Porirua",2011
9,Monday 11 April,Waikato Bay of Plenty Magic,46,53,New South Wales Swifts,"Queen Elizabeth Youth Centre, Tauranga",2011
9,Monday 11 April,West Coast Fever,54,56,Northern Mystics,"Challenge Stadium, Perth",2011
10,Thursday 14 April,Waikato Bay of Plenty Magic,53,49,Canterbury Tactix,"Energy Events Centre, Rotorua",2011
10,Thursday 14 April,Queensland Firebirds,57,36,Melbourne Vixens,Brisbane Convention and Exhibition Centre,2011
10,Saturday 16 April,Adelaide Thunderbirds,57,53,New South Wales Swifts,"ETSA Park, Adelaide",2011
10,Sunday 17 April,West Coast Fever,38,54,Melbourne Vixens,"Challenge Stadium, Perth",2011
10,Sunday 17 April,Southern Steel,33,38,Waikato Bay of Plenty Magic,Invercargill ILT Velodrome,2011
10,Monday 18 April,Canterbury Tactix,45,47,Central Pulse,"CBS Canterbury Arena, Christchurch",2011
10,Monday 18 April,New South Wales Swifts,53,46,Northern Mystics,"State Sports Centre, Sydney",2011
11,Thursday 21 April,Southern Steel,39,40,New South Wales Swifts,"Edgar Centre, Dunedin",2011
11,Saturday 23 April,Melbourne Vixens,58,42,Central Pulse,"Hisense Arena, Melbourne",2011
11,Sunday 24 April,Adelaide Thunderbirds,36,55,Waikato Bay of Plenty Magic,"ETSA Park, Adelaide",2011
11,Sunday 24 April,Northern Mystics,62,43,Canterbury Tactix,"Trusts Stadium, Auckland",2011
11,Monday 25 April,Queensland Firebirds,56,54,West Coast Fever,Brisbane Convention and Exhibition Centre,2011
12,Saturday 30 April,Canterbury Tactix,52,69,Queensland Firebirds,"CBS Canterbury Arena, Christchurch",2011
12,Sunday 1 May,Melbourne Vixens,33,45,New South Wales Swifts,"Hisense Arena, Melbourne",2011
12,Sunday 1 May,Southern Steel,35,47,Northern Mystics,Invercargill ILT Velodrome,2011
12,Monday 2 May,Waikato Bay of Plenty Magic,60,50,Central Pulse,Taupo Events Centre,2011
12,Monday 2 May,Adelaide Thunderbirds,59,64,West Coast Fever,"ETSA Park, Adelaide",2011
13,Sunday 8 May,New South Wales Swifts,44,49,Northern Mystics,Sydney Olympic Park Sports Centre,2011
13,Monday 9 May,Queensland Firebirds,50,39,Waikato Bay of Plenty Magic,Gold Coast Convention and Exhibition Centre,2011
14,Sunday 15 May,Waikato Bay of Plenty Magic,42,43,Northern Mystics,"Mystery Creek Events Centre, Hamilton",2011
15,Sunday 22 May,Queensland Firebirds,57,44,Northern Mystics,Brisbane Convention and Exhibition Centre,2011
1,Saturday 31 March,Adelaide Thunderbirds,57,40,New South Wales Swifts,"Netball SA Stadium, Adelaide",2012
1,Sunday 1 April,Queensland Firebirds,42,47,Melbourne Vixens,Brisbane Convention and Exhibition Centre,2012
1,Sunday 1 April,Northern Mystics,51,47,Central Pulse,"Trusts Stadium, Auckland",2012
1,Monday 2 April,Southern Steel,49,47,Waikato Bay of Plenty Magic,"Stadium Southland Velodrome,Invercargill",2012
1,Monday 2 April,West Coast Fever,55,35,Canterbury Tactix,"Challenge Stadium, Perth",2012
2,Saturday 7 April,Central Pulse,47,42,Southern Steel,"Pettigrew Green Arena, Napier",2012
2,Sunday 8 April,Queensland Firebirds,44,54,Adelaide Thunderbirds,Brisbane Convention and Exhibition Centre,2012
2,Sunday 8 April,West Coast Fever,41,50,Melbourne Vixens,"Challenge Stadium, Perth",2012
2,Sunday 8 April,Waikato Bay of Plenty Magic,41,47,Northern Mystics,"Claudelands Arena, Hamilton",2012
2,Monday 9 April,Canterbury Tactix,54,51,New South Wales Swifts,"CBS Canterbury Arena, Christchurch",2012
3,Sunday 15 April,Queensland Firebirds,58,32,Central Pulse,Brisbane Convention and Exhibition Centre,2012
3,Sunday 15 April,Adelaide Thunderbirds,34,48,Melbourne Vixens,"Netball SA Stadium, Adelaide",2012
3,Sunday 15 April,Canterbury Tactix,53,55,Southern Steel,"CBS Canterbury Arena, Christchurch",2012
3,Monday 16 April,Northern Mystics,52,45,West Coast Fever,"Trusts Stadium, Auckland",2012
3,Monday 16 April,New South Wales Swifts,49,47,Waikato Bay of Plenty Magic,"State Sports Centre, Sydney",2012
4,Saturday 21 April,Southern Steel,53,56,West Coast Fever,"Lion Foundation Arena, Dunedin",2012
4,Sunday 22 April,Melbourne Vixens,40,39,Waikato Bay of Plenty Magic,"Hisense Arena, Melbourne",2012
4,Sunday 22 April,New South Wales Swifts,54,49,Queensland Firebirds,"State Sports Centre, Sydney",2012
4,Sunday 22 April,Northern Mystics,48,50,Adelaide Thunderbirds,"Trusts Stadium, Auckland",2012
4,Monday 23 April,Central Pulse,50,45,Canterbury Tactix,"Te Rauparaha Arena, Porirua",2012
5,Sunday 29 April,West Coast Fever,36,48,Adelaide Thunderbirds,"Challenge Stadium, Perth",2012
5,Sunday 29 April,Melbourne Vixens,52,51,Queensland Firebirds,"Hisense Arena, Melbourne",2012
5,Sunday 29 April,Central Pulse,47,51,Northern Mystics,"Arena Manawatu, Palmerston North",2012
5,Monday 30 April,Waikato Bay of Plenty Magic,61,52,Canterbury Tactix,"Energy Events Centre, Rotorua",2012
5,BYES:  New South Wales Swifts and Southern Steel,,,,,,2012
6,Sunday 6 May,New South Wales Swifts,39,36,Central Pulse,"State Sports Centre, Sydney",2012
6,Sunday 6 May,Queensland Firebirds,56,43,Northern Mystics,Gold Coast Convention and Exhibition Centre,2012
6,Sunday 6 May,Waikato Bay of Plenty Magic,65,49,West Coast Fever,"TECT Arena, Tauranga",2012
6,Monday 7 May,Canterbury Tactix,41,65,Melbourne Vixens,"CBS Canterbury Arena, Christchurch",2012
6,Monday 7 May,Adelaide Thunderbirds,58,48,Southern Steel,"Netball SA Stadium, Adelaide",2012
7,Sunday 13 May,Adelaide Thunderbirds,60,43,West Coast Fever,"Netball SA Stadium, Adelaide",2012
7,Sunday 13 May,New South Wales Swifts,55,52,Melbourne Vixens,"Allphones Arena, Sydney",2012
7,Sunday 13 May,Southern Steel,45,49,Northern Mystics,"Lion Foundation Arena, Dunedin",2012
7,Monday 14 May,Central Pulse,46,56,Waikato Bay of Plenty Magic,"Te Rauparaha Arena, Porirua",2012
7,Monday 14 May,Queensland Firebirds,64,48,Canterbury Tactix,Brisbane Convention and Exhibition Centre,2012
8,Saturday 19 May,Canterbury Tactix,42,65,Waikato Bay of Plenty Magic,"CBS Canterbury Arena, Christchurch",2012
8,Sunday 20 May,Melbourne Vixens,45,49,Northern Mystics,"Hisense Arena, Melbourne",2012
8,Sunday 20 May,New South Wales Swifts,52,47,West Coast Fever,Newcastle Entertainment Centre,2012
8,Sunday 20 May,Southern Steel,60,61,Queensland Firebirds,"Stadium Southland Velodrome,Invercargill",2012
8,Monday 21 May,Central Pulse,47,46,Adelaide Thunderbirds,"TSB Bank Arena, Wellington",2012
9,Sunday 27 May,West Coast Fever,55,56,Queensland Firebirds,"Challenge Stadium, Perth",2012
9,Sunday 27 May,Melbourne Vixens,43,49,New South Wales Swifts,"Hisense Arena, Melbourne",2012
9,Sunday 27 May,Northern Mystics,57,56,Canterbury Tactix,"Trusts Stadium, Auckland",2012
9,Monday 28 May,Southern Steel,50,58,Central Pulse,"Lion Foundation Arena, Dunedin",2012
9,BYES:  Adelaide Thunderbirds and Waikato Bay of Plenty Magic,,,,,,2012
10,Sunday 3 June,Queensland Firebirds,50,45,New South Wales Swifts,Brisbane Convention and Exhibition Centre,2012
10,Sunday 3 June,Melbourne Vixens,48,40,Adelaide Thunderbirds,"Hisense Arena, Melbourne",2012
10,Sunday 3 June,Canterbury Tactix,47,54,Central Pulse,"CBS Canterbury Arena, Christchurch",2012
10,Monday 4 June,Waikato Bay of Plenty Magic,66,47,Southern Steel,"Claudelands Arena, Hamilton",2012
10,BYES:  West Coast Fever and Northern Mystics,,,,,,2012
11,Sunday 10 June,Adelaide Thunderbirds,54,49,Queensland Firebirds,"Netball SA Stadium, Adelaide",2012
11,Sunday 10 June,West Coast Fever,49,51,New South Wales Swifts,"Challenge Stadium, Perth",2012
11,Sunday 10 June,Waikato Bay of Plenty Magic,52,42,Central Pulse,"TECT Arena, Tauranga",2012
11,Monday 11 June,Northern Mystics,60,49,Southern Steel,"Trusts Stadium, Auckland",2012
11,BYES:  Melbourne Vixens and Canterbury Tactix,,,,,,2012
12,Sunday 17 June,Melbourne Vixens,50,49,West Coast Fever,"Hisense Arena, Melbourne",2012
12,Sunday 17 June,New South Wales Swifts,35,62,Adelaide Thunderbirds,"State Sports Centre, Sydney",2012
12,Sunday 17 June,Northern Mystics,46,48,Waikato Bay of Plenty Magic,"Trusts Stadium, Auckland",2012
12,Monday 18 June,Southern Steel,61,62,Canterbury Tactix,Invercargill ILT Velodrome,2012
12,BYES:  Queensland Firebirds and Central Pulse,,,,,,2012
13,Saturday 23 June,Waikato Bay of Plenty Magic,59,42,Adelaide Thunderbirds,"TECT Arena, Tauranga",2012
13,Sunday 24 June,New South Wales Swifts,55,42,Southern Steel,"State Sports Centre, Sydney",2012
13,Sunday 24 June,Queensland Firebirds,63,43,West Coast Fever,Brisbane Convention and Exhibition Centre,2012
13,Sunday 24 June,Canterbury Tactix,55,64,Northern Mystics,"CBS Canterbury Arena, Christchurch",2012
13,Monday 25 June,Central Pulse,41,49,Melbourne Vixens,"Te Rauparaha, Porirua",2012
14,Saturday 30 June,Southern Steel,38,56,Melbourne Vixens,Invercargill ILT Velodrome,2012
14,Sunday 1 July,Adelaide Thunderbirds,65,44,Canterbury Tactix,"Netball SA Stadium, Adelaide",2012
14,Sunday 1 July,West Coast Fever,40,38,Central Pulse,"Challenge Stadium, Perth",2012
14,Sunday 1 July,Northern Mystics,50,49,New South Wales Swifts,"Trusts Stadium, Auckland",2012
14,Monday 2 July,Waikato Bay of Plenty Magic,53,43,Queensland Firebirds,"Claudelands Arena, Hamilton",2012
15,Sunday 8 July,Melbourne Vixens,56,50,Northern Mystics,"Rod Laver Arena, Melbourne",2012
15,Monday 9 July,Waikato Bay of Plenty Magic,49,48,Adelaide Thunderbirds,"Claudelands Arena, Hamilton",2012
16,Monday 16 July,Northern Mystics,48,57,Waikato Bay of Plenty Magic,"Trust Stadium, Auckland",2012
17,Sunday 22 July,Melbourne Vixens,38,41,Waikato Bay of Plenty Magic,"Hisense Arena, Melbourne",2012
1,Sunday 24 March,Queensland Firebirds,68,59,Southern Steel,Brisbane Convention and Exhibition Centre,2013
1,Sunday 24 March,Adelaide Thunderbirds,49,42,Central Pulse,"Netball SA Stadium, Adelaide",2013
1,Sunday 24 March,Canterbury Tactix,46,69,Waikato Bay of Plenty Magic,"Trafalgar Centre, Nelson",2013
1,Monday 25 March,Northern Mystics,46,60,Melbourne Vixens,"Trusts Stadium, Auckland",2013
1,Monday 25 March,New South Wales Swifts,55,41,West Coast Fever,"State Sports Centre, Sydney",2013
2,Saturday 30 March,Canterbury Tactix,56,75,Southern Steel,"CBS Canterbury Arena, Christchurch",2013
2,Sunday 31 March,Melbourne Vixens,58,44,Adelaide Thunderbirds,"Hisense Arena, Melbourne",2013
2,Sunday 31 March,West Coast Fever,80,53,Northern Mystics,"Challenge Stadium, Perth",2013
2,Sunday 31 March,Waikato Bay of Plenty Magic,61,35,New South Wales Swifts,"ASB Baypark Arena, Tauranga",2013
2,Monday 1 April,Central Pulse,56,58,Queensland Firebirds,"Te Rauparaha Arena, Porirua",2013
3,Saturday 6 April,Southern Steel,54,60,Adelaide Thunderbirds,"Lion Foundation Arena, Dunedin",2013
3,Sunday 7 April,West Coast Fever,57,51,Waikato Bay of Plenty Magic,"Challenge Stadium, Perth",2013
3,Sunday 7 April,Northern Mystics,51,72,Queensland Firebirds,"Trusts Stadium, Auckland",2013
3,Monday 8 April,Central Pulse,55,49,New South Wales Swifts,"TSB Bank Arena, Wellington",2013
3,Monday 8 April,Melbourne Vixens,60,40,Canterbury Tactix,"Hisense Arena, Melbourne",2013
4,Sunday 14 April,Adelaide Thunderbirds,72,46,West Coast Fever,"Netball SA Stadium, Adelaide",2013
4,Sunday 14 April,Central Pulse,59,56,Southern Steel,"Arena Manawatu, Palmerston North",2013
4,Monday 15 April,Canterbury Tactix,80,78,Northern Mystics,"CBS Canterbury Arena, Christchurch",2013
4,Monday 15 April,New South Wales Swifts,53,61,Queensland Firebirds,Sydney Olympic Park Sports Centre,2013
4,BYES:  Melbourne Vixens and Waikato Bay of Plenty Magic,,,,,,2013
5,Sunday 21 April,Adelaide Thunderbirds,39,38,Melbourne Vixens,"Netball SA Stadium, Adelaide",2013
5,Sunday 21 April,West Coast Fever,71,51,New South Wales Swifts,"Challenge Stadium, Perth",2013
5,Sunday 21 April,Northern Mystics,69,68,Central Pulse,"Trusts Stadium, Auckland",2013
5,Monday 22 April,Waikato Bay of Plenty Magic,65,45,Canterbury Tactix,"ASB Baypark Arena, Tauranga",2013
5,BYES:  Queensland Firebirds and Southern Steel,,,,,,2013
6,Saturday 27 April,West Coast Fever,49,58,Melbourne Vixens,"Perth Arena, Perth",2013
6,Sunday 28 April,Queensland Firebirds,53,54,Adelaide Thunderbirds,Brisbane Convention and Exhibition Centre,2013
6,Sunday 28 April,Central Pulse,53,52,Waikato Bay of Plenty Magic,"TSB Bank Arena, Wellington",2013
6,Monday 29 April,Southern Steel,67,52,Northern Mystics,"Stadium Southland Velodrome,Invercargill",2013
6,BYES:  New South Wales Swifts and Canterbury Tactix,,,,,,2013
7,Sunday 5 May,Queensland Firebirds,63,54,West Coast Fever,Brisbane Convention and Exhibition Centre,2013
7,Sunday 5 May,Melbourne Vixens,52,30,Central Pulse,"Hisense Arena, Melbourne",2013
7,Sunday 5 May,Northern Mystics,57,61,Canterbury Tactix,"Trusts Stadium, Auckland",2013
7,Monday 6 May,Southern Steel,60,55,New South Wales Swifts,"Stadium Southland Velodrome,Invercargill",2013
7,Monday 6 May,Adelaide Thunderbirds,45,33,Waikato Bay of Plenty Magic,"Netball SA Stadium, Adelaide",2013
8,Saturday 11 May,Canterbury Tactix,51,76,Queensland Firebirds,"CBS Canterbury Arena, Christchurch",2013
8,Sunday 12 May,New South Wales Swifts,42,50,Melbourne Vixens,Sydney Olympic Park Sports Centre,2013
8,Sunday 12 May,West Coast Fever,47,49,Adelaide Thunderbirds,"Challenge Stadium, Perth",2013
8,Sunday 12 May,Northern Mystics,63,73,Southern Steel,"Trusts Stadium, Auckland",2013
8,Monday 13 May,Waikato Bay of Plenty Magic,53,49,Central Pulse,"Claudelands Arena, Hamilton",2013
9,Saturday 18 May,Southern Steel,65,58,Waikato Bay of Plenty Magic,"Stadium Southland Velodrome,Invercargill",2013
9,Sunday 19 May,Melbourne Vixens,46,57,Queensland Firebirds,"Hisense Arena, Melbourne",2013
9,Sunday 19 May,Adelaide Thunderbirds,50,48,New South Wales Swifts,"Netball SA Stadium, Adelaide",2013
9,Sunday 19 May,Canterbury Tactix,55,64,West Coast Fever,"Trafalgar Centre, Nelson",2013
9,Monday 20 May,Central Pulse,63,48,Northern Mystics,"Te Rauparaha Arena, Porirua",2013
10,Sunday 26 May,New South Wales Swifts,63,44,Northern Mystics,Sydney Olympic Park Sports Centre,2013
10,Sunday 26 May,Queensland Firebirds,62,65,Waikato Bay of Plenty Magic,Gold Coast Convention and Exhibition Centre,2013
10,Sunday 26 May,Central Pulse,53,52,West Coast Fever,"TSB Bank Arena, Wellington",2013
10,Monday 27 May,Canterbury Tactix,58,62,Adelaide Thunderbirds,"Lion Foundation Arena, Dunedin",2013
10,Monday 27 May,Melbourne Vixens,58,52,Southern Steel,"Hisense Arena, Melbourne",2013
11,Sunday 2 June,New South Wales Swifts,43,46,Adelaide Thunderbirds,"Allphones Arena, Sydney",2013
11,Sunday 2 June,Queensland Firebirds,47,53,Melbourne Vixens,Brisbane Convention and Exhibition Centre,2013
11,Sunday 2 June,Waikato Bay of Plenty Magic,58,52,Southern Steel,"Energy Events Centre, Rotorua",2013
11,Monday 3 June,Canterbury Tactix,45,62,Central Pulse,"CBS Canterbury Arena, Christchurch",2013
11,BYES:  West Coast Fever and Northern Mystics,,,,,,2013
12,Saturday 8 June,Melbourne Vixens,39,48,New South Wales Swifts,"Hisense Arena, Melbourne",2013
12,Sunday 9 June,West Coast Fever,47,72,Queensland Firebirds,"Challenge Stadium, Perth",2013
12,Sunday 9 June,Southern Steel,79,62,Canterbury Tactix,"Lion Foundation Arena, Dunedin",2013
12,Monday 10 June,Northern Mystics,50,60,Waikato Bay of Plenty Magic,"Trusts Stadium, Auckland",2013
12,BYES:  Adelaide Thunderbirds and Central Pulse,,,,,,2013
13,Sunday 16 June,Queensland Firebirds,52,48,New South Wales Swifts,Brisbane Convention and Exhibition Centre,2013
13,Sunday 16 June,Adelaide Thunderbirds,64,48,Northern Mystics,"Netball SA Stadium, Adelaide",2013
13,Sunday 16 June,Waikato Bay of Plenty Magic,56,51,Melbourne Vixens,"Claudelands Arena, Hamilton",2013
13,Monday 17 June,Central Pulse,73,59,Canterbury Tactix,"Te Rauparaha Arena, Porirua",2013
13,Monday 17 June,West Coast Fever,68,56,Southern Steel,"Challenge Stadium, Perth",2013
14,Sunday 23 June,Melbourne Vixens,69,39,West Coast Fever,"Hisense Arena, Melbourne",2013
14,Sunday 23 June,Adelaide Thunderbirds,54,52,Queensland Firebirds,"Netball SA Stadium, Adelaide",2013
14,Sunday 23 June,Southern Steel,64,73,Central Pulse,"Stadium Southland Velodrome,Invercargill",2013
14,Monday 24 June,Waikato Bay of Plenty Magic,68,40,Northern Mystics,"ASB Baypark Arena, Tauranga",2013
14,Monday 24 June,New South Wales Swifts,62,42,Canterbury Tactix,Sydney Olympic Park Sports Centre,2013
15,Sunday 30 June,Adelaide Thunderbirds,49,39,Melbourne Vixens,"Netball SA Stadium, Adelaide",2013
15,Monday 1 July,Waikato Bay of Plenty Magic,50,53,Queensland Firebirds,"Claudelands Arena, Hamilton",2013
16,Sunday 7 July,Melbourne Vixens,46,50,Queensland Firebirds,"State Netball Hockey Centre, Melbourne",2013
17,Sunday 14 July,Adelaide Thunderbirds,50,48,Queensland Firebirds,"Adelaide Entertainment Centre, Adelaide",2013
